 {"intents":

[
  {"tag": "greeting",

    "patterns": ["Hey", "Hello", "What's up?", "How is it going?", "Hi", "Good day"],

    "responses": ["Hello!", "Hello, what can I do for you?", "hey", "so tell me"]

  },
  {
    "tag": "create_note",

    "patterns": ["Please create a new note", "New note", "Create a note", "I want to create a note"],

    "responses": [""]
  },

  {
    "tag": "add_todo",

    "patterns": ["I want to add a todo", "add a new todo", "add a todo to my list", "new item on my todo list"],

    "responses": [""]

  },

  {"tag":"show_todos",

    "patterns": ["Show my todos", "What are my todos", "What is on my todo"],

    "responses": [""]

  },

  {"tag": "exit",

    "patterns": ["Bye", "Stop", "Quit", "I want to quit", "Goodbye", "I want to exit", "I have to go"],

    "responses": [""]
  },

  {"tag": "weather",

    "patterns": ["tell me about weather", "weather Please", "today weather", "today looks like", "climate Please"],

    "responses": [""]
  },

  {"tag": "screenshot",

    "patterns": ["screenshot Please", "screen capture", "take screenshot", "quick shot"],

    "responses": [""]
  },

  {"tag": "events",

    "patterns": ["any events held on today?", "any appointments held on today?", "how is my day going on today?", "today calendar"],

    "responses": [""]
  },

  {"tag": "google",

    "patterns": ["search it", "google it", "find for me", "search for me", "find it", "i want to search", "i want to browse"],

    "responses": [""]
  },

  {"tag": "music",

    "patterns": ["play music for me", "play my favorite music", "sing for me", "it's a playtime","party rock and roll", "rock and roll"],

    "responses": [""]
  },

  {"tag": "wikipedia",

    "patterns": ["find details", "wikipedia it", "wiki it", "explain it", "tell more about it"],

    "responses": [""]
  },

  {"tag": "news",

    "patterns": ["tell me news today", "news Please", "news headlines Please", "headlines", "tell me about today"],

    "responses": [""]
  },

  {"tag": "youtube",

    "patterns": ["youtube it", "let's watch youtube", "visit youtube", "i want watch video", "i want to look video", "see video"],

    "responses": [""]
  },

  {"tag": "time",

    "patterns": ["time Please", "tell me time", "time now", "whats the time now", "hey time Please"],

    "responses": [""]
  },

  {"tag": "send_weather",

    "patterns": ["send me weather report", "i want to see weather report", "weather report Please", "sync weather report", "report weather to me"],

    "responses": [""]
  },

  {"tag": "send_news",

    "patterns": ["sync news report", "i want to see news report", "news report Please", "send me headlines", "news update Please"],

    "responses": [""]
  },

  {"tag": "on_sprinkler",

    "patterns": ["please sprinkler on", "turn on sprinkler", "activate sprinkler", "power on sprinkler", "please activate sprinkler", "reactivate sprinkler", "turn on Water Sprayer", "turn on Water Sprayer", "on Water Sprayer"],

    "responses": [""]
  },

  {"tag": "off_sprinkler",

    "patterns": ["turn off sprinkler", "turn sprinkler off", "deactivate sprinkler", "power off sprinkler", "please power off sprinkler", "turn off Water Sprayer", "power off Water Sprayer", "deactivate Water Sprayer", "off Water Sprayer"],

    "responses": [""]
  },

  {"tag": "on_pump",

    "patterns": ["water pump turn on","activate water pump", "turn water pump on", "please turn on water pump", "activate water pump", "reactivate water pump", "on water pump", "water motor turn on"],

    "responses": [""]
  },

  {"tag": "off_pump",

    "patterns": ["turn off water pump", "off water pump", "deactivate water pump", "power off water pump", "power off water motor", "water supplier turn off"],

    "responses": [""]
  },

  {"tag": "humidity",

    "patterns": ["what is humidity in green house", "what is humidity in", "humidity please", "green house humidity", "how is humidity"],

    "responses": [""]
  },

  {"tag": "temperature",

    "patterns": ["what is temperature in green house", "temperature looks like", "temperature please", "green house temperature", "how is temperature"],

    "responses": [""]
  },

  {"tag": "carbon",

    "patterns": ["what is carbon value in green hose", "carbon value looks like", "carbon value please", "green house carbon value", "how is carbon value"],

    "responses": [""]
  },

  {"tag": "my_name",

    "patterns": ["are you know my name", "what is my name", "are you know me", "say my name"],

    "responses": [""]
  },

  {"tag": "math",

    "patterns": ["help me solve some math questions", "can you solve some math questions for me", "i don't know how to solve that math problem help me", "solve math questions for me"],

    "responses": [""]
  },

  {"tag": "instagram",

    "patterns": ["find on instagram", "search on instagram", "open instagram", "search from instagram", "find instagram account"],

    "responses": [""]
  },

  {"tag": "IMDB",

    "patterns": ["can you suggest good movie for watch", "please suggest me good movie", "good movie name please", "best movie worth to try"],

    "responses": [""]
  },

  {"tag": "power",

    "patterns": ["how may charge left in my device", "how may charge right in my device", "current battery level", "battery parentage"],

    "responses": [""]
  },

  {"tag": "google_question",

    "patterns": ["what is", "who is", "tell me", "when", "answer for", "what can i do"],

    "responses": [""]
  },

  {"tag": "drugs",

    "patterns": ["Drugs for", "medicines for", "how to heal"],

    "responses": [""]
  },

  {"tag": "convert",

    "patterns": ["convert", "make convert", "transform"],

    "responses": [""]
  },

  {"tag": "distance",

    "patterns": ["distance", "distance between", "how far between"],

    "responses": [""]
  },

  {"tag": "joke",

    "patterns": ["joke please", "tell me a random joke"],

    "responses": [""]
  },

  {"tag": "img_find",

    "patterns": ["find image", "how looks like", "find images of", "browse photos of", ""],

    "responses": [""]
  },

  {"tag": "new_movies",

    "patterns": ["new box office movies" ,"can you suggest best movies watch in film hall", "now days movies"],

    "responses": [""]
  },

  {"tag": "Dictionary",

    "patterns": ["find meaning of", "meaning of", "dictionary of", "find in dictionary"],

    "responses": [""]
  },

  {"tag": "knockout",

    "patterns": ["knock knock knock", "hello knock knock"],

    "responses": [""]
  },

  {"tag": "wishes_GoodMorning",

    "patterns": ["Good morning", "Great morning", "Hello Sunshine", "Good Morning Sunshine"],

    "responses": [""]
  },

  {"tag": "wishes_GoodEvening",

    "patterns": ["good evening", "nice evening", "evening"],

    "responses": [""]
  },

  {"tag": "wishes_GoodAfternoon",

    "patterns": ["good afternoon", "nice afternoon", "afternoon"],

    "responses": [""]
  },

  {"tag": "thanks",

    "patterns": ["thanks", "thank you for your help", "anyway thanks"],

    "responses": [""]
  },

  {"tag": "bye",

    "patterns": ["bye", "see you again", "good bye", "i wanna go", "i have to go bye"],

    "responses": [""]
  },

  {"tag": "Water_Level",

    "patterns": ["what is water level in Hydroponics", "Hydroponics status", "water level in Hydroponics right now", "can i know what is water  level in Hydroponics right now"],

    "responses": [""]
  }
  ,

  {"tag": "soil_moisture",

    "patterns": ["what is soil moisture in indoor growing room", "soil Moisture status", "soil Moisture in indoor growing room right now", "can i know what is soil moisture in indoor growing room"],

    "responses": [""]
  },

  {"tag": "who_are",

    "patterns": ["can you introduce yourself", "who are you", "tell me more about yourself"],

    "responses": [""]
  }
]}
